Index,Verifier Type,Criteria,Criterion Type,Numerical Weight,Gate Kind,Is Primary Objective,Check Kind,Criteria Explanation,Reference Artifacts
1,App DB Programatic,States that a Wiki.js page titled Approved Hiring View - August 2026 is published.,Objective Compliance,2,-,No,exists,"The request names the page and asks for it published in Wiki.js, so the page exists under that title with its published flag set.",operating_review_request.pdf; wiki_js/Page.csv
2,App DB Programatic,"States, on the approved hiring page, that REQ-2026-031, REQ-2026-032, REQ-2026-033, REQ-2026-034 and REQ-2026-035 each carry a Board approval of Approved.",Objective Compliance,3,-,No,cells,"The Board plan's page 2 table authorises these five roles by title, level and department, and each requisition traces to its line on the ATS export.",/Recruiting/2026-06-20_Hiring_Plan_Board_Approved.pdf; /Recruiting/ATS_Requisition_Export_2026-08-31.xlsx; greenhouse/jobs.csv
3,App DB Programatic,"States, on the approved hiring page, that REQ-2026-036 carries a Board approval of Not approved.",Expert Assessment,9,-,Yes,cell,"The Board's backfill line is CSM I and the requisition was opened as Customer Success Manager II at CSM II, so it does not trace line-for-line to a Board authorization and the plan holds it pending Board action.",/Recruiting/2026-06-20_Hiring_Plan_Board_Approved.pdf; /Executive/Board/2026-06-20_Board_Minutes.pdf; /Recruiting/ATS_Requisition_Export_2026-08-31.xlsx; greenhouse/jobs.csv
4,App DB Programatic,"States, on the approved hiring page, that REQ-2026-037 carries a Board approval of Not approved.",Expert Assessment,5,-,Yes,cell,"No Marketing Manager is on the Board plan, the ATS export sources the requisition to Hiring_Plan_2026_FINAL, and the plan treats a requisition opened from a working spreadsheet as unauthorized.",/Recruiting/2026-06-20_Hiring_Plan_Board_Approved.pdf; /Recruiting/ATS_Requisition_Export_2026-08-31.xlsx; /Recruiting/Hiring_Plan_2026_FINAL.xlsx; greenhouse/jobs.csv
5,App DB Programatic,"States, on the approved hiring page, that REQ-2026-038 carries a Board approval of Not approved.",Expert Assessment,5,-,Yes,cell,No Data Analyst II is on the Board plan and the ATS export sources the requisition to Hiring_Plan_2026_FINAL. An accepted offer on it does not change what the Board authorized.,/Recruiting/2026-06-20_Hiring_Plan_Board_Approved.pdf; /Recruiting/ATS_Requisition_Export_2026-08-31.xlsx; /Recruiting/Hiring_Plan_2026_FINAL.xlsx; /Recruiting/Offers/2026-08-20_Offer_Acceptance_ATS-4471.pdf
6,App DB Programatic,"States, on the approved hiring page, a hiring status of Open on each of REQ-2026-031, REQ-2026-032, REQ-2026-033, REQ-2026-034 and REQ-2026-035.",Objective Compliance,2,-,No,cells,"The ATS export of 08/31/2026 carries no offer on any of the five approved requisitions and Greenhouse holds no application on them, so each is open and unfilled.",/Recruiting/ATS_Requisition_Export_2026-08-31.xlsx; greenhouse/jobs.csv; greenhouse/applications.csv
7,App DB Programatic,"States, on the approved hiring page, that REQ-2026-038 carries a hiring status of Offer accepted.",Objective Compliance,2,-,No,cell,"Kwame Adjei signed the offer on REQ-2026-038 on 08/20/2026 with a start date of 09/08/2026, so at 08/31/2026 the requisition holds an accepted offer and no hire.",/Recruiting/Offers/2026-08-20_Offer_Acceptance_ATS-4471.pdf; /Recruiting/ATS_Requisition_Export_2026-08-31.xlsx; greenhouse/applications.csv
8,App DB Programatic,"States, on the approved hiring page, a status source date of 08/20/2026 on REQ-2026-038.",Objective Compliance,1,-,No,cell,"The signed offer letter is dated 08/20/2026 on the acceptance line and the ATS export carries the same date, which is the latest record behind the status.",/Recruiting/Offers/2026-08-20_Offer_Acceptance_ATS-4471.pdf; /Recruiting/ATS_Requisition_Export_2026-08-31.xlsx
9,App DB Programatic,"States, on the approved hiring page, a status source date of 08/31/2026 on each of REQ-2026-031, REQ-2026-032, REQ-2026-033, REQ-2026-034, REQ-2026-035, REQ-2026-036 and REQ-2026-037.",Objective Compliance,1,-,No,cells,"Seven requisitions stand open with no offer on the ATS export of 08/31/2026, which is the latest record showing each, and the request sets that date as the last day of recruiting activity.",/Recruiting/ATS_Requisition_Export_2026-08-31.xlsx; greenhouse/jobs.csv
10,App DB Programatic,"States, on the approved hiring page, Jessica Ko as owner of REQ-2026-031 and REQ-2026-032, Michael Labeson of REQ-2026-033, Edith Bustamante of REQ-2026-034 and Sora Jackson of REQ-2026-035.",Objective Compliance,1,-,No,cells,The Board plan names the hiring manager on each approved line and the Greenhouse hiring team carries the same person as hiring manager on each requisition.,/Recruiting/2026-06-20_Hiring_Plan_Board_Approved.pdf; greenhouse/hiring_team.csv; /Recruiting/ATS_Requisition_Export_2026-08-31.xlsx
11,App DB Programatic,"States, on the approved hiring page, that Kwame Adjei is not working at 08/31/2026.",Expert Assessment,5,-,Yes,cell,"His offer on REQ-2026-038 was accepted 08/20/2026 with a start date of 09/08/2026, so at 08/31/2026 he is a recruiting record and not an employee, and the Finance cost memo leaves accepted offers with future start dates out.",/Recruiting/Offers/2026-08-20_Offer_Acceptance_ATS-4471.pdf; greenhouse/applications.csv; /Finance/2026-08-06_Fully_Loaded_Cost_Memo.docx
12,App DB Programatic,"States, on the approved hiring page, that Simone Okonkwo, hired on REQ-2026-029, has no BambooHR employee record.",Objective Compliance,2,-,No,cell,"Greenhouse carries her application as hired and the crosswalk carries TRT-0153 as Never Loaded, and no BambooHR employee row carries her number.",greenhouse/applications.csv; /HR/Data/2026-08-28_Employee_ID_Crosswalk.xlsx; bamboohr/Employee.csv
13,App DB Programatic,"States, on the approved hiring page, that Rafael Ibarra, hired on REQ-2026-030, has no BambooHR employee record.",Objective Compliance,2,-,No,cell,"Greenhouse carries his application as hired with a start of 08/03/2026 and the crosswalk carries TRT-0155 as Never Loaded, and no BambooHR row carries his number.",greenhouse/applications.csv; /HR/Data/2026-08-28_Employee_ID_Crosswalk.xlsx; bamboohr/Employee.csv
14,App DB Programatic,"States, on the approved hiring page, a start date of 07/22/2026 for Simone Okonkwo.",Objective Compliance,2,-,No,cell,"The 07/09/2026 email thread moves the start from 07/13/2026 on the signed offer letter to 07/22/2026, which the IT ticket, the Greenhouse note and the master roster all carry.",/Recruiting/Offers/2026-07-09_Start_Date_Thread_TRT-0153.eml; /HR/People/Onboarding/2026-07-22_IT_Ticket_TRT-0153.pdf; /HR/Data/2026-08-31_Master_Employee_Roster.xlsx
15,App DB Programatic,"States, on the approved hiring page, that the Board-authorized annualized budget is $612,000.00.",Objective Compliance,2,-,No,summary,"Both the Board plan and the minutes resolve the second-half plan at $612,000.00, and the $868,000.00 on the plan workbook is a superseded working figure.",/Recruiting/2026-06-20_Hiring_Plan_Board_Approved.pdf; /Executive/Board/2026-06-20_Board_Minutes.pdf; /Recruiting/Hiring_Plan_2026_FINAL.xlsx
16,App DB Programatic,"States, on the approved hiring page, that none of the five Board-approved roles is filled at 08/31/2026.",Objective Compliance,1,-,No,summary,"The request asks the summary to say how many approved roles are filled, and the ATS export shows all five still open with no offer.",/Recruiting/ATS_Requisition_Export_2026-08-31.xlsx; /Recruiting/2026-06-20_Hiring_Plan_Board_Approved.pdf
17,App DB Programatic,States that a Wiki.js page titled Staffed Role View - August 2026 is published.,Objective Compliance,2,-,No,exists,"A second page is named by the request and asked for in Wiki.js, so it exists under that title with its published flag set.",operating_review_request.pdf; wiki_js/Page.csv
18,App DB Programatic,"States, on the staffed role page, 52 current employees at 08/31/2026.",Expert Assessment,10,Critical value,Yes,count,"Fifty-two employees sit on the master roster and the August org chart. BambooHR's 57 active records hold four contractors and three ended employees and lack two working hires, and the People Metrics method leaves all three classes out.",/HR/Data/2026-08-31_Master_Employee_Roster.xlsx; /HR/Org/2026-08-24_Org_Chart.pdf; bamboohr/Employee.csv; /HR/Data/2026-08-28_Employee_ID_Crosswalk.xlsx; /Wiki/People_Metrics.md
19,App DB Programatic,"States, on the staffed role page, Simone Okonkwo, TRT-0153, as a current employee in Customer Success.",Expert Assessment,7,-,Yes,cell,"Okonkwo started 07/22/2026 on the master roster and sits on the August org chart under Edith Bustamante. The crosswalk carries the number as Never Loaded, so BambooHR alone misses the person.",/HR/Data/2026-08-31_Master_Employee_Roster.xlsx; /HR/Org/2026-08-24_Org_Chart.pdf; /HR/People/Onboarding/2026-07-22_IT_Ticket_TRT-0153.pdf; /HR/Data/2026-08-28_Employee_ID_Crosswalk.xlsx
20,App DB Programatic,"States, on the staffed role page, Rafael Ibarra, TRT-0155, as a current employee in Sales.",Expert Assessment,7,-,Yes,cell,"Ibarra started 08/03/2026 on the master roster and sits on the August org chart under Marisela Thornbury. The crosswalk carries the number as Never Loaded, so BambooHR alone misses the person.",/HR/Data/2026-08-31_Master_Employee_Roster.xlsx; /HR/Org/2026-08-24_Org_Chart.pdf; greenhouse/applications.csv; /HR/Data/2026-08-28_Employee_ID_Crosswalk.xlsx
21,App DB Programatic,"States, on the staffed role page, that Marguerite Delacroix-Hahn, TRT-0064, is a BambooHR active record left out of the current employee count.",Expert Assessment,5,-,Yes,absent,"Delacroix-Hahn ended employment 06/15/2026 on the SplinterHR archive and the crosswalk, and is on neither the August org chart nor the master roster, while the BambooHR record still reads Active.",/HR/People/Separations/2026-05-29_Resignation_TRT-0064.eml; /HR/Data/2026-08-28_Employee_ID_Crosswalk.xlsx; /HR/Org/2026-08-24_Org_Chart.pdf; bamboohr/Employee.csv
22,App DB Programatic,"States, on the staffed role page, that Piper Athanasoulis, TRT-0037, is a BambooHR active record left out of the current employee count.",Expert Assessment,5,-,Yes,absent,"Athanasoulis ended employment 03/20/2026 on the SplinterHR archive and the crosswalk, and is on neither the August org chart nor the master roster, while the BambooHR record still reads Active.",/HR/Data/Migration/SplinterHR_Final_Archive_2026-07-28.xlsx; /HR/Data/2026-08-28_Employee_ID_Crosswalk.xlsx; /HR/Org/2026-08-24_Org_Chart.pdf; bamboohr/Employee.csv
23,App DB Programatic,"States, on the staffed role page, that Halston Perevalov, TRT-0049, is a BambooHR active record left out of the current employee count.",Expert Assessment,5,-,Yes,absent,"Perevalov ended employment 05/08/2026 on the SplinterHR archive and the crosswalk, and is on neither the August org chart nor the master roster, while the BambooHR record still reads Active.",/HR/Data/Migration/SplinterHR_Final_Archive_2026-07-28.xlsx; /HR/Data/2026-08-28_Employee_ID_Crosswalk.xlsx; /HR/Org/2026-08-24_Org_Chart.pdf; bamboohr/Employee.csv
24,App DB Programatic,"States, on the staffed role page, that the four contractor records CTR-2001, CTR-2002, CTR-2003, CTR-2004 are left out of the current employee count.",Expert Assessment,5,-,Yes,no_rows,"BambooHR carries the four contractors as active employee rows, and the People Metrics method and the Finance cost memo both leave contractors out of headcount.",bamboohr/Employee.csv; /HR/Data/2026-08-31_Master_Employee_Roster.xlsx; /Wiki/People_Metrics.md; /Finance/2026-08-06_Fully_Loaded_Cost_Memo.docx
25,App DB Programatic,"States, on the staffed role page, 19 current employees in Engineering.",Objective Compliance,2,-,No,count,"The master roster and the August org chart carry 19 in Engineering, where BambooHR's active records carry 22 with three contractors inside.",/HR/Data/2026-08-31_Master_Employee_Roster.xlsx; /HR/Org/2026-08-24_Org_Chart.pdf; bamboohr/Employee.csv
26,App DB Programatic,"States, on the staffed role page, 8 current employees in Sales.",Objective Compliance,2,-,No,count,"Sales carries 8 on the master roster and the August org chart, where BambooHR's active records carry 9 with two ended employees inside.",/HR/Data/2026-08-31_Master_Employee_Roster.xlsx; /HR/Org/2026-08-24_Org_Chart.pdf; bamboohr/Employee.csv
27,App DB Programatic,"States, on the staffed role page, 4 current employees in Product.",Objective Compliance,2,-,No,count,"Product carries 4 on the master roster and the August org chart, where BambooHR's active records carry 5 with a contractor inside.",/HR/Data/2026-08-31_Master_Employee_Roster.xlsx; /HR/Org/2026-08-24_Org_Chart.pdf; bamboohr/Employee.csv
28,App DB Programatic,"States, on the staffed role page, 11 current employees in Customer Success, 5 in Marketing and 5 in Finance and Corporate.",Objective Compliance,1,-,No,count_multi,"Customer Success 11, Marketing 5 and Finance and Corporate 5 are the counts on the master roster and the August org chart. The Customer Success count holds because one ended record leaves and one unloaded hire enters.",/HR/Data/2026-08-31_Master_Employee_Roster.xlsx; /HR/Org/2026-08-24_Org_Chart.pdf
29,App DB Programatic,"States, on the staffed role page, 21 current employees in a role that carries an open requisition.",Expert Assessment,5,-,Yes,count,"Five open titles on the ATS export match a roster title, Senior Software Engineer, Software Engineer II, Account Executive, Customer Success Manager and Product Designer. 21 of the 52 current employees hold one of them.",/HR/Data/2026-08-31_Master_Employee_Roster.xlsx; /Recruiting/ATS_Requisition_Export_2026-08-31.xlsx; greenhouse/jobs.csv
30,App DB Programatic,"States, on the staffed role page, 31 current employees in a role with no open requisition, in a table of their own.",Objective Compliance,2,-,No,count,"No open title on the ATS export matches the other 31 roster titles, and the request puts those employees in a second table of the same shape.",/HR/Data/2026-08-31_Master_Employee_Roster.xlsx; /Recruiting/ATS_Requisition_Export_2026-08-31.xlsx
31,App DB Programatic,"States, on the staffed role page, Edith Bustamante as Simone Okonkwo's manager.",Objective Compliance,2,-,No,cell,"The August org chart hangs Okonkwo under Edith Bustamante and the master roster carries TRT-0021 as the manager, and BambooHR has no row to say otherwise.",/HR/Org/2026-08-24_Org_Chart.pdf; /HR/Data/2026-08-31_Master_Employee_Roster.xlsx
32,App DB Programatic,"States, on the staffed role page, Marisela Thornbury as Rafael Ibarra's manager.",Objective Compliance,2,-,No,cell,"Ibarra sits under Marisela Thornbury on the August org chart and the master roster carries TRT-0018 as the manager, and BambooHR has no row to say otherwise.",/HR/Org/2026-08-24_Org_Chart.pdf; /HR/Data/2026-08-31_Master_Employee_Roster.xlsx
33,App DB Programatic,"States, on the staffed role page, that BambooHR carries 57 active records.",Objective Compliance,2,-,No,summary,"How the current employee count reconciles to the BambooHR active record count is what the request asks the summary for, and that count is 57 on the employee table and on the People Metrics page.",bamboohr/Employee.csv; /Wiki/People_Metrics.md
34,App DB Programatic,"States, on the approved hiring page, every Board approval cell as Approved or Not approved.",Objective Compliance,1,-,No,vocab,The request fixes the Board approval vocabulary to those two values so the operating review reads one word per requisition.,operating_review_request.pdf
35,App DB Programatic,"States, on both pages, every date in MM/DD/YYYY form.",Objective Compliance,1,-,No,dates,"MM/DD/YYYY is the form the request sets and the form every Troutly record in the packet already uses, from the ATS export to the master roster.",operating_review_request.pdf; /Recruiting/ATS_Requisition_Export_2026-08-31.xlsx; /HR/Data/2026-08-31_Master_Employee_Roster.xlsx
